title,description,genre,rating
Тіні забутих предків,"Роман Михайла Коцюбинського, що занурює читача в атмосферу гуцульських легенд і традицій. Автор майстерно описує любов і трагедію на тлі мальовничих Карпат. Книга досліджує звʼязок людини з природою та містикою рідного краю. Сильні образи та поетична мова залишають незабутні враження.",Проза,4.8
Солодка Даруся,"Соціально-психологічний роман Марії Матіос про трагедію людських стосунків в умовах війни. Дія відбувається на Західній Україні, де долі героїв сплетені з історією народу. Авторка гостро відчуває біль втрат і любові крізь призму поколінь. Глибока моральна напруга тримає читача до останньої сторінки.",Проза,4.6
Ворошиловград,"Сергій Жадан створює яскравий портрет сучасного Сходу України у журналістсько-романістичному стилі. Герой повертається додому, щоб врятувати сімейний бізнес, та зустрічає друзів і старі спогади. Роман поєднує гумор, драму та гостру соціальну сатиру. Мова твору енергійна, життєва та співзвучна з ритмом вулиць Луганщини.",Проза,4.7
Музей покинутих секретів,"Оксана Забужко пропонує епічну сагу про долі трьох поколінь українського народу. Роман охоплює події від 1930-х до 2000-х років, переплітаючи особисті історії з політичними потрясіннями. Богатий на історичні деталі та психологічну глибину текст. Книга ставить важливі питання ідентичності та пам'яті.",Проза,4.9
Felix Austria,Роман Софії Андрухович розгортається на тлі Галичини кінця XIX століття. Авторка досліджує тему дружби та зради через долі двох жінок з різними соціальними статусами. Вишуканий стиль та атмосферні описи культурних особливостей регіону захоплюють. Ця історія про пошук власного щастя та самотність залишається актуальною сьогодні.,Проза,4.5
Спитати у тиші,"Вікторія Амеліна створює тонку ретроспективу життя жінок під час і після Другої світової війни. Авторка ділиться спогадами через листи, сповнені суму та надії. Роман порушує тему пам'яті й відповідальності за минуле покоління. Книга захоплює емоційністю та достовірністю деталей.",Проза,4.4
Чорний ворон,"Історичний роман Василя Шкляра про козацького отамана, який веде боротьбу за українську свободу в XIX столітті. Динамічний сюжет поєднує пригоди з глибокою філософською рефлексією. Автор змальовує героїзм і трагедію в контексті національної боротьби. Текст наповнений колоритом і краєвидами степових просторів.",Проза,4.6
Польові дослідження українського сексу,"Есеїстична збірка Оксани Забужко про сучасне українське суспільство та його погляд на інтимність. Авторка жартівливо й гостро аналізує теми моралі, стосунків і табу. Книга поєднує особисті спогади з соціокультурними розвідками. Стиль провокативний, емоційний та дискусійний.",Проза,4.3
Інтернат,"Роман Сергія Жадана про групу підлітків у закритому навчальному закладі на Донбасі. Твір висвітлює проблеми адаптації, дружби та пошуку свободи в умовах ізоляції. Автор використовує пряму мову і динамічні діалоги, що створюють ефект присутності. Книга наповнена болісними іскрами надії й співчуття.",Проза,4.2
Коли падають дерева,"Роман Андрія Бондаря про внутрішні монологи героя, який шукає себе в епоху постмодернізму. Автор поєднує символізм із філософськими роздумами про буття. Книга сповнена експериментальних прийомів та несподіваних метафор. Стиль складний, але захоплює власною оригінальністю.",Проза,4.1
Кобзар,"Збірка поезій Тараса Шевченка, яка заклала основи української літератури. Твори поєднують гостру соціальну критику з емоційною лірикою. Автор звертається до тем свободи, гідності та національної свідомості. «Кобзар» відзначається музикальністю мови і глибинним символізмом.",Поезія,5.0
Вибране,"Поетична антологія Івана Франка, що демонструє різноманітність його творчості. Вірші відрізняються інтелектуальною насиченістю та філософською глибиною. Автор вміло поєднує традиції народної поезії з модерними течіями. Теми кохання, болю і пошуку істини проходять червоною ниткою крізь всю збірку.",Поезія,4.9
Сповідь,"Поетична збірка Ліни Костенко, в якій поетеса розмірковує про час і пам'ять. Вірші насичені алюзіями на історію та філософські концепції. Мова творів вирізняється елегантністю та точністю. «Сповідь» – це глибока інтимна розмова з читачем.",Поезія,4.8
Реквієм,"Збірка Ігора Калинця, присвячена темам жертви та пам'яті. Вірші пронизані болем втрат та надією на відродження. Автор використовує експресивні образи та символічні мотиви. Книга актуалізує історичні та особисті трагедії.",Поезія,4.7
Господь сміється,"Поезія Василя Стуса, в якій автор звертається до екзистенційних питань і свободи духу. Вірші вирізняються напруженим ритмом та сильними емоційними відтінками. Кожен образ насичений драматизмом і відчайдушним прагненням до справедливості. Твори Стуса – це виклик авторитаризму та самозречення.",Поезія,4.8
Любіть Україну,Поема Дмитра Павличка про незалежність і велич української землі. Текст пронизаний почуттям патріотизму та гордості за культурну спадщину. Автор звертається до майбутнього покоління з закликом берегти мову і традиції. «Любіть Україну» стала другим національним гімном для багатьох читачів.,Поезія,4.6
Вірші,"Збірка Павла Тичини, яка відображає етапи розвитку української поезії XX століття. Вірші поєднують символізм, футуризм і глибоку лірику. Автор експериментує з ритмом, мелосом та мовними формами. Книга показує діапазон творчого пошуку Тичини.",Поезія,4.7
Чорні вітрила,Поетичний цикл Василя Голобородька про внутрішні бурі людської душі. Вірші насичені метафорами вітру як символу змін. Автор використовує мінімалістичний стиль з глибокими алюзіями. Книга змушує замислитися про вибір і наслідки.,Поезія,4.5
Пташині обійми,"Збірка Катерини Калитко про крихкість і красу природи та людських стосунків. Вірші легкі за формою, але глибокі за змістом. Авторка звертається до тем втрати та відродження. Кожен рядок випромінює ніжність і прозорість почуттів.",Поезія,4.6
Енеїда,Поема Івана Котляревського – перший твір українською новою літературною мовою. Гумористичний переказ епосу Вергілія з елементами народної творчості. Автор використовує сатиру та яскраві діалоги. Твір закладає основи модерної української літератури.,Поезія,4.8
Володар перснів,"Епічний роман Дж. Р. Р. Толкіна про боротьбу добра і зла в міфічному світі Середзем'я. Герої вирушають у небезпечну подорож, щоб знищити могутній перстень. Книга майстерно поєднує елементи пригод, філософії та психології персонажів. Створює живий і деталізований фентезійний світ.",Фентезі,5.0
Гра престолів,Перший том саги Джорджа Мартіна про політичні інтриги та жорстокі битви в світі Вестерос. Автор вводить численні персонажі з різноманітними амбіціями та мотивами. Сюжет сповнений несподіваних поворотів і драматичних подій. Світ твору вражає масштабом і реалістичними деталями.,Фентезі,4.9
Хроніки Нарнії,"Цикл Клайва Стейплза Льюїса, що переносить читача в чарівний світ Нарнії. Діти з реального світу стають учасниками великих випробувань та героїчних подвигів. Автор поєднує елементи християнської алегорії з захоплюючим сюжетом. Книга м’яка за стилем та доступна для читачів різного віку.",Фентезі,4.7
Колесо часу,"Величезна серія Роберта Джордана, що розгортається в багатошаровому фентезійному світі. Основний сюжет зосереджений на боротьбі з Темним. Автор створює розгалужені лінії персонажів та культури різних народів. Твір вирізняється епічною масштабністю та деталізмом.",Фентезі,4.8
Сон смарагдового міста,"Казкова історія Олександра Волкова на основі «Чарівника країни Оз». Головна героїня Еліна потрапляє в дивовижний світ зі своїми магічними істотами. Автор адаптує сюжет під радянський контекст, додаючи нові пригоди. Книга легка та доброзичлива до юних і дорослих читачів.",Фентезі,4.5
Часодії,"Серія Наталії Щерби про школу чарівників, де школярка вчиться керувати часом. Авторка створює напружений сюжет з цікавими магічними правилами. Герої стикаються з таємницями минулого та випробуваннями сьогодення. Стиль динамічний і зрозумілий для молодих читачів.",Фентезі,4.4
Лісова пісня,Драматична поема Леся Українки про кохання між людьми та духами лісу. Твір наповнений символами природи і народними віруваннями. Авторка використовує музикальні ритми та поетичні образи. «Лісова пісня» вважається класикою української літератури.,Фентезі,4.9
Візерунки Візору,"Фентезійний роман Марини і Сергія Дяченків про світ, де магія і наука взаємодіють. Автори детально розробляють систему чарів і політичні інтриги. Сюжет охоплює пригоди багатьох персонажів із різних королівств. Твір вирізняється оригінальністю і глибокими ідеями.",Фентезі,4.6
Темні матерії,"Трилогія Філіпа Пулмана, що починається з «Золотого компасу», про дівчинку, яка подорожує між світами. Автор піднімає теми наукової та релігійної свободи. Сюжет насичений пригодами та загадками. Книга поєднує елементи філософії, алхімії і фентезі.",Фентезі,4.7
Дюна,"Науково-фентезійний роман Френка Герберта про політичні інтриги на пустельній планеті Арракіс. Книга досліджує теми влади, релігії та екології. Автор створює масштабний світ з власними культурами і ритуалами. Твір став класикою жанру та вплинув на багато наступних саг.",Фентезі,4.8
Етюд у багряних тонах,"Перший роман про Шерлока Холмса Артура Конан Дойля, де жанр детективу тільки формувався. Автор створює інтригуючий сюжет з неочікуваними поворотами. Холмс і Ватсон вирушають розслідувати загадкове вбивство. Книга відома своєю логікою та дедукцією.",Детектив,4.9
Убивство в «Східному експресі»,"Агата Крісті розгортає події на знаменитому поїзді, де відбувається загадкове вбивство. Детектив Еркюль Пуаро розкриває хитромудру змову пасажирів. Авторка майстерно заплутує читача, поступово відкриваючи істину. Твір вражає напругою та фінальною розв'язкою.",Детектив,4.8
Дівчина з тату дракона,Стіґ Ларссон представляє перший том трилогії «Міленіум» з персонажем Лісбет Саландер. Потужний сюжет про зникнення іємщої спадщини та корупцію. Автор поєднує детектив із соціальними темами. Книга стала бестселером і започаткувала новий тип скандинавського нуару.,Детектив,4.7
І не лишилось жодної,"Оригінальна назва «And Then There Were None» Агати Крісті — класика заплутаного детективу. Десять незнайомців запрошені на острів, де їх починають вбивати за один загадковий вірш. Кожен виток сюжету додає напруженості. Фінал вражає несподіванкою.",Детектив,4.8
Убивство Роджера Екройда,Ще один шедевр Агати Крісті з непередбачуваним завершенням. Пуаро стикається з парадоксальною справою про вбивство заможного джентльмена. Авторка майстерно веде читача до шокуючого відкриття. Цей роман багато хто вважає найкращим її творам.,Детектив,4.9
Смерть чекає двічі,"Роман про детектива, який розслідує серію загадкових смертей. Головний герой стикається з хитромудрими підказками і небезпечними ворогами. Сюжет наповнений несподіваними поворотами і тривожними відтінками. Автор тримає читача у напрузі до останнього розділу.",Детектив,4.6
Мовчання ягнят,"Трилер Томаса Гарріса про молодого агента ФБР та її зустріч із серійним вбивцею на прізвисько Буффало Білл. Головна героїня звертається за допомогою до ув’язненого канібала Ганнібала Лектера. Напружені діалоги та психологічна гра створюють моторошну атмосферу. Книга досліджує теми страху, маніпуляції та людської темряви.",Детектив,4.7
Червоний дракон,"Попередник «Мовчання ягнят», де ФБР-агент Віл Грем намагається зупинити серійного вбивцю на прізвисько Зубр. Автор докладно описує психологічний стан як детектива, так і злочинця. Напруга зростає з кожною сторінкою, а атмосфера невідомості тримає читача в напрузі. Роман став справжньою класикою жанру трилерів.",Детектив,4.6
Дівчина у потязі,"Психологічний трилер Поли Гокінз про жінку, яка щодня спостерігає за чужим життям із вікна потяга. Одного разу вона стає свідком дивної події, що змушує її втягнутися в небезпечне розслідування. Книга досліджує тему пам'яті, зловживання алкоголем та самообману. Напружений сюжет і глибока психологічна проработка персонажа захоплює до останньої сторінки.",Детектив,4.5
Вбити пересмішника,"Класичний роман Гарпер Лі про расову нерівність та справедливість у маленькому американському містечку. Сюжет ведеться від імені дитини, що спостерігає за судовим процесом свого батька-адвоката. Авторка майстерно поєднує наївний погляд дитини з глибиною соціальної критики. Книга залишає сильне враження та надихає на роздуми про моральні цінності.",Детектив,4.8
Sapiens. Коротка історія людства,"Книга Юваля Ноя Харарі досліджує еволюцію людства від появи Homo sapiens до сучасності. Автор поєднує історію, науку та філософію, пояснюючи складні явища доступною мовою. Кожен розділ поглиблює розуміння соціальних, економічних та культурних процесів. Твір стимулює роздуми про майбутнє людства.",Нон-фікшн,4.9
Homo Deus. Коротка історія завтрашнього дня,"Продовження ідей з Sapiens, де Харарі розмірковує про можливе майбутнє людства. Автор аналізує розвиток технологій, штучного інтелекту та біоетики. Книга спонукає замислитися про роль людини в нових умовах. Текст провокує дискусії про етичні межі наукового прогресу.",Нон-фікшн,4.7
21 урок для XXI століття,"Збірка есе Юваля Ноя Харарі про виклики сучасного світу: від кліматичних змін до цифрових технологій. Автор розглядає важливі соціальні, політичні й екологічні питання, що стоять перед людством. Книга подає практичні рекомендації та стимулює до активної громадянської позиції. Структуровані уроки допомагають систематизувати знання та плани на майбутнє.",Нон-фікшн,4.6
Чорний лебідь. Під знаком непередбачуваності,"Насім Талеб у своїй книзі аналізує рідкісні та непередбачувані події, що мають великий вплив на світ. Автор вводить поняття «чорного лебедя» для опису таких явищ. Книга підкреслює важливість стійкості до несподіванок і критичного мислення. Стиль викладу поєднує історичні приклади з роздумами про ризик і невизначеність.",Нон-фікшн,4.8
Чому нації занепадають,Книга Дарона Аджемоглу та Джеймса Робінсона про економічні та політичні причини успіху або краху держав. Автори порівнюють різні країни та висвітлюють роль інститутів і владних структур. Дослідження базується на історичних прикладах та статистичних даних. Твір допомагає зрозуміти механізми формування багатства і бідності.,Нон-фікшн,4.5
Антихрупкість: як із хаосу народжується сила,"Ще один твір Насіма Талеба, у якому автор розглядає концепцію антикрихкості — здатності систем ставати кращими після стресових ситуацій. Талеб приводить приклади з біології, економіки та історії для ілюстрації своїх тез. Книга пропонує змінити підхід до ризику і невизначеності. Стиль викладу поєднує гумор і глибокі філософські роздуми.",Нон-фікшн,4.6
Думай повільно… вирішуй швидко,"Даніель Канеман у своїй роботі описує два режими мислення — швидкий інтуїтивний та повільний аналітичний. Автор наводить експериментальні докази когнітивних упереджень та помилок мислення. Книга пояснює, як уникати хибних висновків і приймати кращі рішення. Текст поєднує наукові дослідження з практичними рекомендаціями для щоденного життя.",Нон-фікшн,4.7
Людина в пошуках сенсу,Віктор Франкл розповідає про свій досвід виживання в концентраційних таборах під час Другої світової війни. Автор розробляє концепцію логотерапії — пошуку сенсу життя в умовах страждань. Книга демонструє силу людського духу та здатність знаходити мету навіть у найважчих обставинах. Твір надихає на глибокі роздуми про власні цінності.,Нон-фікшн,4.9
Як завойовувати друзів і впливати на людей,"Класичний посібник Дейла Карнегі з міжособистісних взаємин та лідерства. Автор пропонує практичні поради з комунікації, активного слухання та побудови довірчих стосунків. Техніки, описані в книзі, допомагають ефективно впливати та мотивувати інших. Книга була видана вперше в 1936 році та залишається актуальною досі.",Нон-фікшн,4.5
Від нуля до одиниці,Пітер Тіль у своїй книзі розмірковує про створення інноваційних стартапів і відмінності між вертикальним та горизонтальним зростанням. Автор ділиться власним досвідом заснування PayPal та інвестицій в технологічні компанії. Книга підкреслює важливість унікального бачення та монополізації ніші. Глибокі ідеї поєднуються з прикладами реальних бізнес-кейсів.,Нон-фікшн,4.6
